prev_owner,new_owner,nft_address,col_address,price
309BE6D754457370A46B8AADB3F8EDDA0A9F8521C014947C2AA62CA1B5B1A96D,75B1DA5209900C8E4669E8EAAAE45374A9111DFA68A06D36522ED46CDDA2DE7C,E79F124DE1B2454777F55313B37925D809DEDF3969EFC3187EC90CDE101780F6,80D78A35F955A14B679FAA887FF4CD5BFC0F43B4A4EEA2A7E6927F3701B273C2,4955121460
71E79A42BFB7E55EFC18A8ACAA57D7AADA7E4A2E4D47DF831AA88FF92536C2E7,003A5814DB9DCF0EB7C792242351870AD0A646749A2AEE7A3C38408E46151892,70A8B07C8C948294614BBE2E522463E9C7E37BA0520EF9145E39E71D0913CCD8,80D78A35F955A14B679FAA887FF4CD5BFC0F43B4A4EEA2A7E6927F3701B273C2,7972698684
8C6CF968062A214A81FA954987BA05F279078505E105944524AF70FF6D34B16F,89D7C5DBA5E8535DED913FB55CFE2969AB747AB5E3E45498841A240F41730352,ADD340F53A68A98470830E98EE9500745C70D044E46BBFF7B8181A7533D485B2,80D78A35F955A14B679FAA887FF4CD5BFC0F43B4A4EEA2A7E6927F3701B273C2,5954042940
D66AD2E66D82F6396F478C6FA021B532568079AD93F5117054F5BCD323F7EA2B,CE1EB8C9B821451F99B95DABC24C6D5E818DC3D381DF9663CC39472348713DAD,A02C2F03034DD66750F1B91B1841FFFAE755E8F7673FA0D12F3117D262C7B62A,80D78A35F955A14B679FAA887FF4CD5BFC0F43B4A4EEA2A7E6927F3701B273C2,29746703507
EF62F115673684E8F863BED05868E5C46998F6E45F22E922119F07C663D9B9DA,E5C43F49F74824DCE7371F9E5A91895ACC82619E8709573CE08D5CFE7DC942B2,3B9A6DFA1FD84C027D075A04BC19C4CEE1A738FDEECAD8D2397B45CE8ED4E056,80D78A35F955A14B679FAA887FF4CD5BFC0F43B4A4EEA2A7E6927F3701B273C2,9978102547
E5C43F49F74824DCE7371F9E5A91895ACC82619E8709573CE08D5CFE7DC942B2,EF62F115673684E8F863BED05868E5C46998F6E45F22E922119F07C663D9B9DA,3B9A6DFA1FD84C027D075A04BC19C4CEE1A738FDEECAD8D2397B45CE8ED4E056,80D78A35F955A14B679FAA887FF4CD5BFC0F43B4A4EEA2A7E6927F3701B273C2,9989523793
06A85606006B23CCF2F3CFA5B6B990F9A333D4EB95867889E3A755CEF2A6C7B4,6686CDD4C908CB96F64F087F9D4ECFAC978416C9369D5D8427874A22B68A84E4,BACABDFDCBB3928E5AD7D59BE156FE2162D2EB3388A1644FD49B523F6524AB81,80D78A35F955A14B679FAA887FF4CD5BFC0F43B4A4EEA2A7E6927F3701B273C2,1799960171261
4ECA2D707BC499CF2CA0245E2F4EF68676BE383F7A43DABAAB8298B49A4B7DB7,95A3154EBD334EE00352F2A449C916F22F7C753A15EA6ABA27385C07B581C6EB,B7E3FADD0CCEB196FD50796AA2D7BB1C46DBB8D3F1CFCBF5E84C40C0BE59AF4C,80D78A35F955A14B679FAA887FF4CD5BFC0F43B4A4EEA2A7E6927F3701B273C2,6985094036
95A3154EBD334EE00352F2A449C916F22F7C753A15EA6ABA27385C07B581C6EB,4ECA2D707BC499CF2CA0245E2F4EF68676BE383F7A43DABAAB8298B49A4B7DB7,B7E3FADD0CCEB196FD50796AA2D7BB1C46DBB8D3F1CFCBF5E84C40C0BE59AF4C,80D78A35F955A14B679FAA887FF4CD5BFC0F43B4A4EEA2A7E6927F3701B273C2,5946340636
849827C51A437DD8E892206CCCE61392F988B19E8060343C43FD8E9D091C10FB,401CF1EFC281FAF2F86BEC694EA85D5464864FB8EC3AC310FD65BFAE2397E89A,78C8F997FDCE4326A00D8751649A885712F70B309295E7ADC65FE9BAAA0B5CB8,80D78A35F955A14B679FAA887FF4CD5BFC0F43B4A4EEA2A7E6927F3701B273C2,10959487443
003A5814DB9DCF0EB7C792242351870AD0A646749A2AEE7A3C38408E46151892,71E79A42BFB7E55EFC18A8ACAA57D7AADA7E4A2E4D47DF831AA88FF92536C2E7,70A8B07C8C948294614BBE2E522463E9C7E37BA0520EF9145E39E71D0913CCD8,80D78A35F955A14B679FAA887FF4CD5BFC0F43B4A4EEA2A7E6927F3701B273C2,6985652010
9E6CF901E5EEFAC0B83D4B895597661B3ECDC189D62F5C05161940851400EB18,69C00189F50AE2E7219273F2A327DFF5E5B6CD1AA6F228FE39D2D230FB06BEB0,84FD9EF7ACC8BF0038A5FC0B376C3ABE966402E5342259F99065F4FC6F33B93C,80D78A35F955A14B679FAA887FF4CD5BFC0F43B4A4EEA2A7E6927F3701B273C2,14893808306
9E6CF901E5EEFAC0B83D4B895597661B3ECDC189D62F5C05161940851400EB18,69C00189F50AE2E7219273F2A327DFF5E5B6CD1AA6F228FE39D2D230FB06BEB0,84FD9EF7ACC8BF0038A5FC0B376C3ABE966402E5342259F99065F4FC6F33B93C,80D78A35F955A14B679FAA887FF4CD5BFC0F43B4A4EEA2A7E6927F3701B273C2,14893808306
D66AD2E66D82F6396F478C6FA021B532568079AD93F5117054F5BCD323F7EA2B,CE1EB8C9B821451F99B95DABC24C6D5E818DC3D381DF9663CC39472348713DAD,08192D40C9DA4AD31DB07BBA24FF040FFE1786CAEBD08E7399E1E30345514E87,80D78A35F955A14B679FAA887FF4CD5BFC0F43B4A4EEA2A7E6927F3701B273C2,9857965532
D66AD2E66D82F6396F478C6FA021B532568079AD93F5117054F5BCD323F7EA2B,CE1EB8C9B821451F99B95DABC24C6D5E818DC3D381DF9663CC39472348713DAD,08192D40C9DA4AD31DB07BBA24FF040FFE1786CAEBD08E7399E1E30345514E87,80D78A35F955A14B679FAA887FF4CD5BFC0F43B4A4EEA2A7E6927F3701B273C2,9857965532
D66AD2E66D82F6396F478C6FA021B532568079AD93F5117054F5BCD323F7EA2B,CE1EB8C9B821451F99B95DABC24C6D5E818DC3D381DF9663CC39472348713DAD,BE389154FEF59C0EAF15966DB3D2A76D2D977E558B12D24FBC7711F62D1977CB,80D78A35F955A14B679FAA887FF4CD5BFC0F43B4A4EEA2A7E6927F3701B273C2,14904336909
401CF1EFC281FAF2F86BEC694EA85D5464864FB8EC3AC310FD65BFAE2397E89A,849827C51A437DD8E892206CCCE61392F988B19E8060343C43FD8E9D091C10FB,78C8F997FDCE4326A00D8751649A885712F70B309295E7ADC65FE9BAAA0B5CB8,80D78A35F955A14B679FAA887FF4CD5BFC0F43B4A4EEA2A7E6927F3701B273C2,6905187018
34FCCDFD8F3813C4E03E27BAA9CE5A470E08A6BA91B9F1530DDF3C48AC0B628B,21EAAB98FCECA139FFD2F571451077EE737EB060C5907DF3F098D57F1EB363B3,5CCD8614275EC107CE8374E1954A8302BFF25DB92F25A72C605D5CAFE5C42313,80D78A35F955A14B679FAA887FF4CD5BFC0F43B4A4EEA2A7E6927F3701B273C2,7980946174
89D7C5DBA5E8535DED913FB55CFE2969AB747AB5E3E45498841A240F41730352,8C6CF968062A214A81FA954987BA05F279078505E105944524AF70FF6D34B16F,ADD340F53A68A98470830E98EE9500745C70D044E46BBFF7B8181A7533D485B2,80D78A35F955A14B679FAA887FF4CD5BFC0F43B4A4EEA2A7E6927F3701B273C2,30928466852
6929DF134FB0249E67998AAE9181AB1E8FF51FD5667BE0630166A09C82DB31D9,FEC65C30B71C12DEE48DCEA9C4E94CC8C0B5A544AF7C74A34613C149ABBAF57B,A578906AB53CEF23D783DFD1A23E6F0A3AD1A2D1C3AAE8EBB4A9AE6C0E035D7D,80D78A35F955A14B679FAA887FF4CD5BFC0F43B4A4EEA2A7E6927F3701B273C2,9981889785
401CF1EFC281FAF2F86BEC694EA85D5464864FB8EC3AC310FD65BFAE2397E89A,849827C51A437DD8E892206CCCE61392F988B19E8060343C43FD8E9D091C10FB,7EA9247601F3C0CEF9AE9F5DD17F5D2811BF665B42E754D4C667FDB55444729F,80D78A35F955A14B679FAA887FF4CD5BFC0F43B4A4EEA2A7E6927F3701B273C2,7904549220
9A0FFAC0B7FB8120B5DF48270A8087339842CF471D6ED626F19A3111DA51D852,09FE8BAD3E14735750DD176C67A1E81A4B61AA766AB293C0C872389D9E8D31B1,84E865C2EE0FC1288340756DFD4E1682832CAD452D558648487FB592BD053C44,80D78A35F955A14B679FAA887FF4CD5BFC0F43B4A4EEA2A7E6927F3701B273C2,12975791603
309BE6D754457370A46B8AADB3F8EDDA0A9F8521C014947C2AA62CA1B5B1A96D,89D7C5DBA5E8535DED913FB55CFE2969AB747AB5E3E45498841A240F41730352,2216A50E1CC384807EB469B98C520094CE16C2F08F48DF9761899394543BEB58,80D78A35F955A14B679FAA887FF4CD5BFC0F43B4A4EEA2A7E6927F3701B273C2,9943050118
09FE8BAD3E14735750DD176C67A1E81A4B61AA766AB293C0C872389D9E8D31B1,9A0FFAC0B7FB8120B5DF48270A8087339842CF471D6ED626F19A3111DA51D852,84E865C2EE0FC1288340756DFD4E1682832CAD452D558648487FB592BD053C44,80D78A35F955A14B679FAA887FF4CD5BFC0F43B4A4EEA2A7E6927F3701B273C2,13822917024
CE1EB8C9B821451F99B95DABC24C6D5E818DC3D381DF9663CC39472348713DAD,D66AD2E66D82F6396F478C6FA021B532568079AD93F5117054F5BCD323F7EA2B,BE389154FEF59C0EAF15966DB3D2A76D2D977E558B12D24FBC7711F62D1977CB,80D78A35F955A14B679FAA887FF4CD5BFC0F43B4A4EEA2A7E6927F3701B273C2,9889402549
47CBE27BF22811550428C2090AAD205F789AC00FFDBA77C537A15DEED02329B5,71E79A42BFB7E55EFC18A8ACAA57D7AADA7E4A2E4D47DF831AA88FF92536C2E7,971F7F8C09042B5E670AD2512C0946975CFCF1EF1227ABE013C9166C66428786,80D78A35F955A14B679FAA887FF4CD5BFC0F43B4A4EEA2A7E6927F3701B273C2,6978011463
54AFDACBFF29F9817A790E6EED30CA491C57E1FB60C52A2961A11A76FF916ECC,25665FC10BB2B0B82E6F6FBA91E257E1455151F69C2A10744D17265FEF6937D6,CFC0557ECE12AD892754CCBE3E5CFEE01CD57CAAA06FAD572A5E1001A7794FD8,80D78A35F955A14B679FAA887FF4CD5BFC0F43B4A4EEA2A7E6927F3701B273C2,6985110626
25665FC10BB2B0B82E6F6FBA91E257E1455151F69C2A10744D17265FEF6937D6,54AFDACBFF29F9817A790E6EED30CA491C57E1FB60C52A2961A11A76FF916ECC,CFC0557ECE12AD892754CCBE3E5CFEE01CD57CAAA06FAD572A5E1001A7794FD8,80D78A35F955A14B679FAA887FF4CD5BFC0F43B4A4EEA2A7E6927F3701B273C2,4949913651
71E79A42BFB7E55EFC18A8ACAA57D7AADA7E4A2E4D47DF831AA88FF92536C2E7,47CBE27BF22811550428C2090AAD205F789AC00FFDBA77C537A15DEED02329B5,971F7F8C09042B5E670AD2512C0946975CFCF1EF1227ABE013C9166C66428786,80D78A35F955A14B679FAA887FF4CD5BFC0F43B4A4EEA2A7E6927F3701B273C2,7978054700
849827C51A437DD8E892206CCCE61392F988B19E8060343C43FD8E9D091C10FB,401CF1EFC281FAF2F86BEC694EA85D5464864FB8EC3AC310FD65BFAE2397E89A,7EA9247601F3C0CEF9AE9F5DD17F5D2811BF665B42E754D4C667FDB55444729F,80D78A35F955A14B679FAA887FF4CD5BFC0F43B4A4EEA2A7E6927F3701B273C2,8905190551
71E79A42BFB7E55EFC18A8ACAA57D7AADA7E4A2E4D47DF831AA88FF92536C2E7,25665FC10BB2B0B82E6F6FBA91E257E1455151F69C2A10744D17265FEF6937D6,2C50FF543999B096FBF870D9C8CD6E784AFF9EAF92DB64E252A7CF308534E65D,80D78A35F955A14B679FAA887FF4CD5BFC0F43B4A4EEA2A7E6927F3701B273C2,7977856746
09FE8BAD3E14735750DD176C67A1E81A4B61AA766AB293C0C872389D9E8D31B1,723EBBB4AF129886EB78EB041FA5404EEC4C695B6B7497E5B5ED612FE0C4F168,EAC63463A27B3A25BFC2C5CC548CE81550D433A4E15435E909012FEABB351512,80D78A35F955A14B679FAA887FF4CD5BFC0F43B4A4EEA2A7E6927F3701B273C2,7985110719
723EBBB4AF129886EB78EB041FA5404EEC4C695B6B7497E5B5ED612FE0C4F168,09FE8BAD3E14735750DD176C67A1E81A4B61AA766AB293C0C872389D9E8D31B1,EAC63463A27B3A25BFC2C5CC548CE81550D433A4E15435E909012FEABB351512,80D78A35F955A14B679FAA887FF4CD5BFC0F43B4A4EEA2A7E6927F3701B273C2,6946084340
75B1DA5209900C8E4669E8EAAAE45374A9111DFA68A06D36522ED46CDDA2DE7C,309BE6D754457370A46B8AADB3F8EDDA0A9F8521C014947C2AA62CA1B5B1A96D,E79F124DE1B2454777F55313B37925D809DEDF3969EFC3187EC90CDE101780F6,80D78A35F955A14B679FAA887FF4CD5BFC0F43B4A4EEA2A7E6927F3701B273C2,6991177771
25665FC10BB2B0B82E6F6FBA91E257E1455151F69C2A10744D17265FEF6937D6,71E79A42BFB7E55EFC18A8ACAA57D7AADA7E4A2E4D47DF831AA88FF92536C2E7,2C50FF543999B096FBF870D9C8CD6E784AFF9EAF92DB64E252A7CF308534E65D,80D78A35F955A14B679FAA887FF4CD5BFC0F43B4A4EEA2A7E6927F3701B273C2,6948481555
89D7C5DBA5E8535DED913FB55CFE2969AB747AB5E3E45498841A240F41730352,309BE6D754457370A46B8AADB3F8EDDA0A9F8521C014947C2AA62CA1B5B1A96D,2216A50E1CC384807EB469B98C520094CE16C2F08F48DF9761899394543BEB58,80D78A35F955A14B679FAA887FF4CD5BFC0F43B4A4EEA2A7E6927F3701B273C2,22977321219
CE1EB8C9B821451F99B95DABC24C6D5E818DC3D381DF9663CC39472348713DAD,D66AD2E66D82F6396F478C6FA021B532568079AD93F5117054F5BCD323F7EA2B,08192D40C9DA4AD31DB07BBA24FF040FFE1786CAEBD08E7399E1E30345514E87,80D78A35F955A14B679FAA887FF4CD5BFC0F43B4A4EEA2A7E6927F3701B273C2,6899612128
CE1EB8C9B821451F99B95DABC24C6D5E818DC3D381DF9663CC39472348713DAD,D66AD2E66D82F6396F478C6FA021B532568079AD93F5117054F5BCD323F7EA2B,08192D40C9DA4AD31DB07BBA24FF040FFE1786CAEBD08E7399E1E30345514E87,80D78A35F955A14B679FAA887FF4CD5BFC0F43B4A4EEA2A7E6927F3701B273C2,6899612128
31117062B9EA946CB083EC09388AEEF8A449DA6E55248DA7193EB16CD374D9A5,723EBBB4AF129886EB78EB041FA5404EEC4C695B6B7497E5B5ED612FE0C4F168,2D0F8ADE2D10D33D7F1AAF70A98949DD2B1E5E7D34FA2F60BCC13A7CFAA5B560,80D78A35F955A14B679FAA887FF4CD5BFC0F43B4A4EEA2A7E6927F3701B273C2,14913742997
2A3E695C08220DB59517D28D7BBDF91866CE1B7D508D69F5B7BE516307DF7462,723EBBB4AF129886EB78EB041FA5404EEC4C695B6B7497E5B5ED612FE0C4F168,D10B80F341E8BF3674391559F50847CABC61DF0347DDCC871936857904C5ACC1,80D78A35F955A14B679FAA887FF4CD5BFC0F43B4A4EEA2A7E6927F3701B273C2,29872601645
AC4481E278C98FBB542042A73172315130715C847C8282E07FBC077D4315BFB4,6A3A9B8EE2F5EC02DDEF0A7FAAA356CB5BE81F46F9D1873A12BCA8A37BB9E685,F0A5609DFEC934540D3C8F3C6F1CF65039892A23DB9915FE8234381A24C166B2,80D78A35F955A14B679FAA887FF4CD5BFC0F43B4A4EEA2A7E6927F3701B273C2,49985041961
CE1EB8C9B821451F99B95DABC24C6D5E818DC3D381DF9663CC39472348713DAD,D66AD2E66D82F6396F478C6FA021B532568079AD93F5117054F5BCD323F7EA2B,A02C2F03034DD66750F1B91B1841FFFAE755E8F7673FA0D12F3117D262C7B62A,80D78A35F955A14B679FAA887FF4CD5BFC0F43B4A4EEA2A7E6927F3701B273C2,11880724126
0350C7256953908022637201DEC3346BB01E9B9763D4D188B81DD54E836BC836,2EF7B9FA0EC426718B3D47106F44E3FCAC30BF1545FD6AE6C3FA00427F5A4F7E,495C100D81C9C66EB6126015DE4AF8698B7B40E363954E292167D2099ADC84A9,80D78A35F955A14B679FAA887FF4CD5BFC0F43B4A4EEA2A7E6927F3701B273C2,39977771286
6A3A9B8EE2F5EC02DDEF0A7FAAA356CB5BE81F46F9D1873A12BCA8A37BB9E685,AC4481E278C98FBB542042A73172315130715C847C8282E07FBC077D4315BFB4,F0A5609DFEC934540D3C8F3C6F1CF65039892A23DB9915FE8234381A24C166B2,80D78A35F955A14B679FAA887FF4CD5BFC0F43B4A4EEA2A7E6927F3701B273C2,24808637690
69C00189F50AE2E7219273F2A327DFF5E5B6CD1AA6F228FE39D2D230FB06BEB0,9E6CF901E5EEFAC0B83D4B895597661B3ECDC189D62F5C05161940851400EB18,84FD9EF7ACC8BF0038A5FC0B376C3ABE966402E5342259F99065F4FC6F33B93C,80D78A35F955A14B679FAA887FF4CD5BFC0F43B4A4EEA2A7E6927F3701B273C2,13959479663
69C00189F50AE2E7219273F2A327DFF5E5B6CD1AA6F228FE39D2D230FB06BEB0,9E6CF901E5EEFAC0B83D4B895597661B3ECDC189D62F5C05161940851400EB18,84FD9EF7ACC8BF0038A5FC0B376C3ABE966402E5342259F99065F4FC6F33B93C,80D78A35F955A14B679FAA887FF4CD5BFC0F43B4A4EEA2A7E6927F3701B273C2,13959479663
723EBBB4AF129886EB78EB041FA5404EEC4C695B6B7497E5B5ED612FE0C4F168,31117062B9EA946CB083EC09388AEEF8A449DA6E55248DA7193EB16CD374D9A5,2D0F8ADE2D10D33D7F1AAF70A98949DD2B1E5E7D34FA2F60BCC13A7CFAA5B560,80D78A35F955A14B679FAA887FF4CD5BFC0F43B4A4EEA2A7E6927F3701B273C2,32809067760
723EBBB4AF129886EB78EB041FA5404EEC4C695B6B7497E5B5ED612FE0C4F168,2A3E695C08220DB59517D28D7BBDF91866CE1B7D508D69F5B7BE516307DF7462,D10B80F341E8BF3674391559F50847CABC61DF0347DDCC871936857904C5ACC1,80D78A35F955A14B679FAA887FF4CD5BFC0F43B4A4EEA2A7E6927F3701B273C2,34676531651
9B23F04F224ADF9E0FAB47B8DA846635BC2C604E02963AE79D9E1B52D928A7BE,822CFE7D2784D4C245E5C7D258AE26CACE5C1DAFDFA5CA7B38F4BCC2D6BD34B2,2553E63D40AA08FA7BBC22F459DD7E4A6214C41C93A23B54B7971ED848FE716E,80D78A35F955A14B679FAA887FF4CD5BFC0F43B4A4EEA2A7E6927F3701B273C2,12932067153
4ECA2D707BC499CF2CA0245E2F4EF68676BE383F7A43DABAAB8298B49A4B7DB7,723EBBB4AF129886EB78EB041FA5404EEC4C695B6B7497E5B5ED612FE0C4F168,AC74981D6A7F81545E18A633A61C78073EA2E0E024031334D79DBE2D73E681FC,80D78A35F955A14B679FAA887FF4CD5BFC0F43B4A4EEA2A7E6927F3701B273C2,6985110359
723EBBB4AF129886EB78EB041FA5404EEC4C695B6B7497E5B5ED612FE0C4F168,4ECA2D707BC499CF2CA0245E2F4EF68676BE383F7A43DABAAB8298B49A4B7DB7,AC74981D6A7F81545E18A633A61C78073EA2E0E024031334D79DBE2D73E681FC,80D78A35F955A14B679FAA887FF4CD5BFC0F43B4A4EEA2A7E6927F3701B273C2,5960475205
FE574D6F8063BA1C34CA625A8E1085AF42742A809FE510B674CE8C9430AD286F,6A3A9B8EE2F5EC02DDEF0A7FAAA356CB5BE81F46F9D1873A12BCA8A37BB9E685,F0A5609DFEC934540D3C8F3C6F1CF65039892A23DB9915FE8234381A24C166B2,80D78A35F955A14B679FAA887FF4CD5BFC0F43B4A4EEA2A7E6927F3701B273C2,38849735231
F12E6B7FF4C7C51570CB5185149D8CE8669C00C7B2CD7F48F319E04F9C4C999C,AA8CC59C4B0D425EABB79508A74DC1F5CD2979AB7E2A859255EF8354F5EC4276,9CCD868228F2ED41FFAED2A8564DC17909BCC7F5C5CE4CA93D73826F73F09C63,80D78A35F955A14B679FAA887FF4CD5BFC0F43B4A4EEA2A7E6927F3701B273C2,394844705352
9E6CF901E5EEFAC0B83D4B895597661B3ECDC189D62F5C05161940851400EB18,69C00189F50AE2E7219273F2A327DFF5E5B6CD1AA6F228FE39D2D230FB06BEB0,84FD9EF7ACC8BF0038A5FC0B376C3ABE966402E5342259F99065F4FC6F33B93C,80D78A35F955A14B679FAA887FF4CD5BFC0F43B4A4EEA2A7E6927F3701B273C2,14945769644
9E6CF901E5EEFAC0B83D4B895597661B3ECDC189D62F5C05161940851400EB18,69C00189F50AE2E7219273F2A327DFF5E5B6CD1AA6F228FE39D2D230FB06BEB0,84FD9EF7ACC8BF0038A5FC0B376C3ABE966402E5342259F99065F4FC6F33B93C,80D78A35F955A14B679FAA887FF4CD5BFC0F43B4A4EEA2A7E6927F3701B273C2,14945769644
822CFE7D2784D4C245E5C7D258AE26CACE5C1DAFDFA5CA7B38F4BCC2D6BD34B2,9B23F04F224ADF9E0FAB47B8DA846635BC2C604E02963AE79D9E1B52D928A7BE,2553E63D40AA08FA7BBC22F459DD7E4A6214C41C93A23B54B7971ED848FE716E,80D78A35F955A14B679FAA887FF4CD5BFC0F43B4A4EEA2A7E6927F3701B273C2,11918922829
C781854E82A4E0A24F1E169FCF030B242A8C617560146451062A7CFC3385712D,A31D0E729437240BC4193DD7792E8BBCD055235018197F51B80E541096CAE2D0,9B9A97D6F58B432CE66E9B7E1C83E2E721AFE76F444A5AF0AF46A3873BEFBD98,80D78A35F955A14B679FAA887FF4CD5BFC0F43B4A4EEA2A7E6927F3701B273C2,7985051889
6A3A9B8EE2F5EC02DDEF0A7FAAA356CB5BE81F46F9D1873A12BCA8A37BB9E685,FE574D6F8063BA1C34CA625A8E1085AF42742A809FE510B674CE8C9430AD286F,F0A5609DFEC934540D3C8F3C6F1CF65039892A23DB9915FE8234381A24C166B2,80D78A35F955A14B679FAA887FF4CD5BFC0F43B4A4EEA2A7E6927F3701B273C2,30781208678
6A3A9B8EE2F5EC02DDEF0A7FAAA356CB5BE81F46F9D1873A12BCA8A37BB9E685,FE574D6F8063BA1C34CA625A8E1085AF42742A809FE510B674CE8C9430AD286F,F0A5609DFEC934540D3C8F3C6F1CF65039892A23DB9915FE8234381A24C166B2,80D78A35F955A14B679FAA887FF4CD5BFC0F43B4A4EEA2A7E6927F3701B273C2,30781208678
1384A97EAA9A7376BA200CF9246FB7BE367521F6AAD58E4F527DD695C13862EB,A31D0E729437240BC4193DD7792E8BBCD055235018197F51B80E541096CAE2D0,5666F88862E324BBFB15FA9C742B7638EE8A6760936CF803216F05F8ECD765D5,80D78A35F955A14B679FAA887FF4CD5BFC0F43B4A4EEA2A7E6927F3701B273C2,6985110176
A31D0E729437240BC4193DD7792E8BBCD055235018197F51B80E541096CAE2D0,C781854E82A4E0A24F1E169FCF030B242A8C617560146451062A7CFC3385712D,9B9A97D6F58B432CE66E9B7E1C83E2E721AFE76F444A5AF0AF46A3873BEFBD98,80D78A35F955A14B679FAA887FF4CD5BFC0F43B4A4EEA2A7E6927F3701B273C2,4931127892
A31D0E729437240BC4193DD7792E8BBCD055235018197F51B80E541096CAE2D0,1384A97EAA9A7376BA200CF9246FB7BE367521F6AAD58E4F527DD695C13862EB,5666F88862E324BBFB15FA9C742B7638EE8A6760936CF803216F05F8ECD765D5,80D78A35F955A14B679FAA887FF4CD5BFC0F43B4A4EEA2A7E6927F3701B273C2,5918400133
69C00189F50AE2E7219273F2A327DFF5E5B6CD1AA6F228FE39D2D230FB06BEB0,9E6CF901E5EEFAC0B83D4B895597661B3ECDC189D62F5C05161940851400EB18,84FD9EF7ACC8BF0038A5FC0B376C3ABE966402E5342259F99065F4FC6F33B93C,80D78A35F955A14B679FAA887FF4CD5BFC0F43B4A4EEA2A7E6927F3701B273C2,9925019771
69C00189F50AE2E7219273F2A327DFF5E5B6CD1AA6F228FE39D2D230FB06BEB0,9E6CF901E5EEFAC0B83D4B895597661B3ECDC189D62F5C05161940851400EB18,84FD9EF7ACC8BF0038A5FC0B376C3ABE966402E5342259F99065F4FC6F33B93C,80D78A35F955A14B679FAA887FF4CD5BFC0F43B4A4EEA2A7E6927F3701B273C2,9925019771
FE574D6F8063BA1C34CA625A8E1085AF42742A809FE510B674CE8C9430AD286F,6A3A9B8EE2F5EC02DDEF0A7FAAA356CB5BE81F46F9D1873A12BCA8A37BB9E685,F0A5609DFEC934540D3C8F3C6F1CF65039892A23DB9915FE8234381A24C166B2,80D78A35F955A14B679FAA887FF4CD5BFC0F43B4A4EEA2A7E6927F3701B273C2,44699283471
849827C51A437DD8E892206CCCE61392F988B19E8060343C43FD8E9D091C10FB,401CF1EFC281FAF2F86BEC694EA85D5464864FB8EC3AC310FD65BFAE2397E89A,8CE38B84A38F9A460BC0053DF7F01B83269F4C77038EE3693777E73EE41BEA11,80D78A35F955A14B679FAA887FF4CD5BFC0F43B4A4EEA2A7E6927F3701B273C2,14885808087
7542A517D6A2BE105F8CB97E8FD07726534A3E70F466C9128D415ACB836108F1,1E1F9C9112758368C073FA42442B7DB398579D1B9C781A3C6CAA2CCA0182F719,2A5EDC6F8B55696C6E19FD7E5E02BF875EBDD9031B6D4AEE3274DA2C17E3380E,80D78A35F955A14B679FAA887FF4CD5BFC0F43B4A4EEA2A7E6927F3701B273C2,16863462888
AA8CC59C4B0D425EABB79508A74DC1F5CD2979AB7E2A859255EF8354F5EC4276,F12E6B7FF4C7C51570CB5185149D8CE8669C00C7B2CD7F48F319E04F9C4C999C,9CCD868228F2ED41FFAED2A8564DC17909BCC7F5C5CE4CA93D73826F73F09C63,80D78A35F955A14B679FAA887FF4CD5BFC0F43B4A4EEA2A7E6927F3701B273C2,116851090227
FEC65C30B71C12DEE48DCEA9C4E94CC8C0B5A544AF7C74A34613C149ABBAF57B,6929DF134FB0249E67998AAE9181AB1E8FF51FD5667BE0630166A09C82DB31D9,A578906AB53CEF23D783DFD1A23E6F0A3AD1A2D1C3AAE8EBB4A9AE6C0E035D7D,80D78A35F955A14B679FAA887FF4CD5BFC0F43B4A4EEA2A7E6927F3701B273C2,87979284592
1E1F9C9112758368C073FA42442B7DB398579D1B9C781A3C6CAA2CCA0182F719,7542A517D6A2BE105F8CB97E8FD07726534A3E70F466C9128D415ACB836108F1,2A5EDC6F8B55696C6E19FD7E5E02BF875EBDD9031B6D4AEE3274DA2C17E3380E,80D78A35F955A14B679FAA887FF4CD5BFC0F43B4A4EEA2A7E6927F3701B273C2,5959957584
401CF1EFC281FAF2F86BEC694EA85D5464864FB8EC3AC310FD65BFAE2397E89A,849827C51A437DD8E892206CCCE61392F988B19E8060343C43FD8E9D091C10FB,8CE38B84A38F9A460BC0053DF7F01B83269F4C77038EE3693777E73EE41BEA11,80D78A35F955A14B679FAA887FF4CD5BFC0F43B4A4EEA2A7E6927F3701B273C2,12898617458
6E4EDB08D34B3BDB852384BEB343247E5BF56409CF3E432E5D18357BCE188272,8A144FD669B3224958DAFD2C70DA8A1D99A9A1A4E3376DBC4D4F34F19E40B0F3,4BC916EF5534288CAD7AC40A01364FF34F22F59E510DBD67E3C7D2BF164F4E7B,80D78A35F955A14B679FAA887FF4CD5BFC0F43B4A4EEA2A7E6927F3701B273C2,44978052275
8A144FD669B3224958DAFD2C70DA8A1D99A9A1A4E3376DBC4D4F34F19E40B0F3,6E4EDB08D34B3BDB852384BEB343247E5BF56409CF3E432E5D18357BCE188272,4BC916EF5534288CAD7AC40A01364FF34F22F59E510DBD67E3C7D2BF164F4E7B,80D78A35F955A14B679FAA887FF4CD5BFC0F43B4A4EEA2A7E6927F3701B273C2,6980430534
21EAAB98FCECA139FFD2F571451077EE737EB060C5907DF3F098D57F1EB363B3,34FCCDFD8F3813C4E03E27BAA9CE5A470E08A6BA91B9F1530DDF3C48AC0B628B,5CCD8614275EC107CE8374E1954A8302BFF25DB92F25A72C605D5CAFE5C42313,80D78A35F955A14B679FAA887FF4CD5BFC0F43B4A4EEA2A7E6927F3701B273C2,7953190875
D66AD2E66D82F6396F478C6FA021B532568079AD93F5117054F5BCD323F7EA2B,CE1EB8C9B821451F99B95DABC24C6D5E818DC3D381DF9663CC39472348713DAD,08192D40C9DA4AD31DB07BBA24FF040FFE1786CAEBD08E7399E1E30345514E87,80D78A35F955A14B679FAA887FF4CD5BFC0F43B4A4EEA2A7E6927F3701B273C2,6899617843
D66AD2E66D82F6396F478C6FA021B532568079AD93F5117054F5BCD323F7EA2B,CE1EB8C9B821451F99B95DABC24C6D5E818DC3D381DF9663CC39472348713DAD,08192D40C9DA4AD31DB07BBA24FF040FFE1786CAEBD08E7399E1E30345514E87,80D78A35F955A14B679FAA887FF4CD5BFC0F43B4A4EEA2A7E6927F3701B273C2,6899617843
D779BFE39B0FA40C7FE888598A60CD953BDA14B4341149CDF70722D2C9F86711,BBBB9616B14055FBD0A7829F370737E5FC516FC4F5B3B857E2ECE9E347FC7482,7BF66699368E5B55949C6ED4E3FDE3596C81F55D2CBF650BED50015F13178D76,80D78A35F955A14B679FAA887FF4CD5BFC0F43B4A4EEA2A7E6927F3701B273C2,123966206968
2EF7B9FA0EC426718B3D47106F44E3FCAC30BF1545FD6AE6C3FA00427F5A4F7E,0350C7256953908022637201DEC3346BB01E9B9763D4D188B81DD54E836BC836,495C100D81C9C66EB6126015DE4AF8698B7B40E363954E292167D2099ADC84A9,80D78A35F955A14B679FAA887FF4CD5BFC0F43B4A4EEA2A7E6927F3701B273C2,34979057226
87C891ECD82F67174CA4A5D561777AF1368A28226CE9C76FE8C8E562C88945E7,95A3154EBD334EE00352F2A449C916F22F7C753A15EA6ABA27385C07B581C6EB,30F99C600AA817EE985E81F8BDBB44861E5F915C1D1E6F69A1345E277F924127,80D78A35F955A14B679FAA887FF4CD5BFC0F43B4A4EEA2A7E6927F3701B273C2,5911339337
ADB539C13F3C31705AAB3A2E254466032DD2F418DFFAFFC3ABBF3FB22876A6EE,F0A85788625C68E9B5284194201759D7D84EC23B380EE9E1FE168EFB7086B159,E33680A545E5E99D13B040B2BF62539438309A3E51AFF4127A977EECA213C604,80D78A35F955A14B679FAA887FF4CD5BFC0F43B4A4EEA2A7E6927F3701B273C2,7932082985
CE1EB8C9B821451F99B95DABC24C6D5E818DC3D381DF9663CC39472348713DAD,D66AD2E66D82F6396F478C6FA021B532568079AD93F5117054F5BCD323F7EA2B,08192D40C9DA4AD31DB07BBA24FF040FFE1786CAEBD08E7399E1E30345514E87,80D78A35F955A14B679FAA887FF4CD5BFC0F43B4A4EEA2A7E6927F3701B273C2,6905208862
CE1EB8C9B821451F99B95DABC24C6D5E818DC3D381DF9663CC39472348713DAD,D66AD2E66D82F6396F478C6FA021B532568079AD93F5117054F5BCD323F7EA2B,08192D40C9DA4AD31DB07BBA24FF040FFE1786CAEBD08E7399E1E30345514E87,80D78A35F955A14B679FAA887FF4CD5BFC0F43B4A4EEA2A7E6927F3701B273C2,6905208862
95A3154EBD334EE00352F2A449C916F22F7C753A15EA6ABA27385C07B581C6EB,87C891ECD82F67174CA4A5D561777AF1368A28226CE9C76FE8C8E562C88945E7,30F99C600AA817EE985E81F8BDBB44861E5F915C1D1E6F69A1345E277F924127,80D78A35F955A14B679FAA887FF4CD5BFC0F43B4A4EEA2A7E6927F3701B273C2,72932728224
F0A85788625C68E9B5284194201759D7D84EC23B380EE9E1FE168EFB7086B159,ADB539C13F3C31705AAB3A2E254466032DD2F418DFFAFFC3ABBF3FB22876A6EE,E33680A545E5E99D13B040B2BF62539438309A3E51AFF4127A977EECA213C604,80D78A35F955A14B679FAA887FF4CD5BFC0F43B4A4EEA2A7E6927F3701B273C2,7998000000
7736C6BA259B63C90AA115A1B847D8B25F8B21B72764109779B252DBF81D09B8,25DBBA014751831B43497488AB365B3218FFF5A1A9DA1CD8A3F24547ED13B234,24F32498DE42315764ACE7E2F4952C8EA29A140236FA91BB096FB3AAE7BAC084,80D78A35F955A14B679FAA887FF4CD5BFC0F43B4A4EEA2A7E6927F3701B273C2,11973254100
A53016C34968E33028C5514C9BFFC4B9CAED7C19DD83531F6EAB514EBBB410E0,7BCDD6B10184DBFA3A4A372129FB20432C5075682BC094A59A0587B1666EAE04,F419E759ACA62C3CAB054AEFB18FB474013D2CC044AA2AFCD0344599C530D65D,80D78A35F955A14B679FAA887FF4CD5BFC0F43B4A4EEA2A7E6927F3701B273C2,49818232412
7731739E204B5E3C5720002C706FB8246C161772B3AC0FD3CEF42A3BFA9518F1,194E5C983D24764F21948233781B2A3488FA60DE899C19BFA90F8E2E357808C1,3E1E64BFDDB6737E437CF3C6C50B6DEB20E219A4F2FFC6B31AE6FFC954408604,80D78A35F955A14B679FAA887FF4CD5BFC0F43B4A4EEA2A7E6927F3701B273C2,29970836174
B2DD64374B697C05BD836264A6C5E8B1FB41D98CC1790D3813F1C91632809582,DB13A70E3761B616EED4BE676E348F0276ABC8E920F0B6E687817BB1ADD7F8BE,F14F9BF1DD851D4EA43DFDFA3B1AA121F55850165B3D67DCD48CD19386E207CF,80D78A35F955A14B679FAA887FF4CD5BFC0F43B4A4EEA2A7E6927F3701B273C2,6967722645
D5CBA97A65699616CD4C47E7E85901317182422E532CD2FB0C0FCD97234C0E14,2CD4A8AD1DB8AC0972CD851A5C9F9253ECA9E6853BBF4F43EA894D737AA3F77C,745E3669F24CC7B3363EB614B15DE0D0A41E83405986A27D58601959DD8F401D,80D78A35F955A14B679FAA887FF4CD5BFC0F43B4A4EEA2A7E6927F3701B273C2,499969454982
D5CBA97A65699616CD4C47E7E85901317182422E532CD2FB0C0FCD97234C0E14,2CD4A8AD1DB8AC0972CD851A5C9F9253ECA9E6853BBF4F43EA894D737AA3F77C,5760864C0E084C027A03E5D50DBDDBFC49728779954072A4DC3789B9634EC319,80D78A35F955A14B679FAA887FF4CD5BFC0F43B4A4EEA2A7E6927F3701B273C2,249998000000
D5CBA97A65699616CD4C47E7E85901317182422E532CD2FB0C0FCD97234C0E14,2CD4A8AD1DB8AC0972CD851A5C9F9253ECA9E6853BBF4F43EA894D737AA3F77C,77CEEB58CA6B31836D2ECD94814D898AD096B7A805AD023230E7624293F5FC9E,80D78A35F955A14B679FAA887FF4CD5BFC0F43B4A4EEA2A7E6927F3701B273C2,1049970801131
7BCDD6B10184DBFA3A4A372129FB20432C5075682BC094A59A0587B1666EAE04,A53016C34968E33028C5514C9BFFC4B9CAED7C19DD83531F6EAB514EBBB410E0,F419E759ACA62C3CAB054AEFB18FB474013D2CC044AA2AFCD0344599C530D65D,80D78A35F955A14B679FAA887FF4CD5BFC0F43B4A4EEA2A7E6927F3701B273C2,102977526451
09BCF464A1E77CA2DCF2C2C0633B4266164FCB2D192E34139DA8A75D54602881,3FE44E143EC964B034E926EEF7E122AD855A742D6F9063F280B4682C419F1E4B,F7EFDFF4036D7E07BA1B86815594B3317CBDD70F4E84985DEE5A6DB2E817EBCC,80D78A35F955A14B679FAA887FF4CD5BFC0F43B4A4EEA2A7E6927F3701B273C2,5944516123
DB13A70E3761B616EED4BE676E348F0276ABC8E920F0B6E687817BB1ADD7F8BE,B2DD64374B697C05BD836264A6C5E8B1FB41D98CC1790D3813F1C91632809582,F14F9BF1DD851D4EA43DFDFA3B1AA121F55850165B3D67DCD48CD19386E207CF,80D78A35F955A14B679FAA887FF4CD5BFC0F43B4A4EEA2A7E6927F3701B273C2,7985143919
9CA8EB18F9AEAC28CE792A8659311DBC3A645F0003E92E03A2E426FEC2D934A5,EEEACFEBF7FC268169B942066E21E2DEA767E24A0E228F119C2744B0F20E3FF6,18669D48B700EF2B735D68DB257C542EC8319177F2C8B3C63F1A5950026A3862,80D78A35F955A14B679FAA887FF4CD5BFC0F43B4A4EEA2A7E6927F3701B273C2,9998000000
9CA8EB18F9AEAC28CE792A8659311DBC3A645F0003E92E03A2E426FEC2D934A5,EEEACFEBF7FC268169B942066E21E2DEA767E24A0E228F119C2744B0F20E3FF6,18669D48B700EF2B735D68DB257C542EC8319177F2C8B3C63F1A5950026A3862,80D78A35F955A14B679FAA887FF4CD5BFC0F43B4A4EEA2A7E6927F3701B273C2,9998000000
9CA8EB18F9AEAC28CE792A8659311DBC3A645F0003E92E03A2E426FEC2D934A5,EEEACFEBF7FC268169B942066E21E2DEA767E24A0E228F119C2744B0F20E3FF6,18669D48B700EF2B735D68DB257C542EC8319177F2C8B3C63F1A5950026A3862,80D78A35F955A14B679FAA887FF4CD5BFC0F43B4A4EEA2A7E6927F3701B273C2,9998000000
EEEACFEBF7FC268169B942066E21E2DEA767E24A0E228F119C2744B0F20E3FF6,9CA8EB18F9AEAC28CE792A8659311DBC3A645F0003E92E03A2E426FEC2D934A5,18669D48B700EF2B735D68DB257C542EC8319177F2C8B3C63F1A5950026A3862,80D78A35F955A14B679FAA887FF4CD5BFC0F43B4A4EEA2A7E6927F3701B273C2,9998000000
EEEACFEBF7FC268169B942066E21E2DEA767E24A0E228F119C2744B0F20E3FF6,9CA8EB18F9AEAC28CE792A8659311DBC3A645F0003E92E03A2E426FEC2D934A5,18669D48B700EF2B735D68DB257C542EC8319177F2C8B3C63F1A5950026A3862,80D78A35F955A14B679FAA887FF4CD5BFC0F43B4A4EEA2A7E6927F3701B273C2,9998000000
EEEACFEBF7FC268169B942066E21E2DEA767E24A0E228F119C2744B0F20E3FF6,9CA8EB18F9AEAC28CE792A8659311DBC3A645F0003E92E03A2E426FEC2D934A5,18669D48B700EF2B735D68DB257C542EC8319177F2C8B3C63F1A5950026A3862,80D78A35F955A14B679FAA887FF4CD5BFC0F43B4A4EEA2A7E6927F3701B273C2,9998000000
EEEACFEBF7FC268169B942066E21E2DEA767E24A0E228F119C2744B0F20E3FF6,9CA8EB18F9AEAC28CE792A8659311DBC3A645F0003E92E03A2E426FEC2D934A5,18669D48B700EF2B735D68DB257C542EC8319177F2C8B3C63F1A5950026A3862,80D78A35F955A14B679FAA887FF4CD5BFC0F43B4A4EEA2A7E6927F3701B273C2,9998000000
9CA8EB18F9AEAC28CE792A8659311DBC3A645F0003E92E03A2E426FEC2D934A5,EEEACFEBF7FC268169B942066E21E2DEA767E24A0E228F119C2744B0F20E3FF6,18669D48B700EF2B735D68DB257C542EC8319177F2C8B3C63F1A5950026A3862,80D78A35F955A14B679FAA887FF4CD5BFC0F43B4A4EEA2A7E6927F3701B273C2,9998000000
9CA8EB18F9AEAC28CE792A8659311DBC3A645F0003E92E03A2E426FEC2D934A5,EEEACFEBF7FC268169B942066E21E2DEA767E24A0E228F119C2744B0F20E3FF6,18669D48B700EF2B735D68DB257C542EC8319177F2C8B3C63F1A5950026A3862,80D78A35F955A14B679FAA887FF4CD5BFC0F43B4A4EEA2A7E6927F3701B273C2,9998000000
9CA8EB18F9AEAC28CE792A8659311DBC3A645F0003E92E03A2E426FEC2D934A5,EEEACFEBF7FC268169B942066E21E2DEA767E24A0E228F119C2744B0F20E3FF6,18669D48B700EF2B735D68DB257C542EC8319177F2C8B3C63F1A5950026A3862,80D78A35F955A14B679FAA887FF4CD5BFC0F43B4A4EEA2A7E6927F3701B273C2,9998000000
CFDDBC8D2140D0E6FEC04FADB8EDBBE52B6D7354218C4F2ECB445F93BBB279F3,13F83ACBD35BF1EFFFA0A1CADC2E11963642DA2F2D5EFBB1DA0ACCE1921FA99A,FD6C8D5C762B2AA44CCEB16DB501E27C9A9CE536821A547CC0C34A519B46F9D5,80D78A35F955A14B679FAA887FF4CD5BFC0F43B4A4EEA2A7E6927F3701B273C2,29959468844
EEEACFEBF7FC268169B942066E21E2DEA767E24A0E228F119C2744B0F20E3FF6,9CA8EB18F9AEAC28CE792A8659311DBC3A645F0003E92E03A2E426FEC2D934A5,18669D48B700EF2B735D68DB257C542EC8319177F2C8B3C63F1A5950026A3862,80D78A35F955A14B679FAA887FF4CD5BFC0F43B4A4EEA2A7E6927F3701B273C2,9998000000
EEEACFEBF7FC268169B942066E21E2DEA767E24A0E228F119C2744B0F20E3FF6,9CA8EB18F9AEAC28CE792A8659311DBC3A645F0003E92E03A2E426FEC2D934A5,18669D48B700EF2B735D68DB257C542EC8319177F2C8B3C63F1A5950026A3862,80D78A35F955A14B679FAA887FF4CD5BFC0F43B4A4EEA2A7E6927F3701B273C2,9998000000
25DBBA014751831B43497488AB365B3218FFF5A1A9DA1CD8A3F24547ED13B234,7736C6BA259B63C90AA115A1B847D8B25F8B21B72764109779B252DBF81D09B8,24F32498DE42315764ACE7E2F4952C8EA29A140236FA91BB096FB3AAE7BAC084,80D78A35F955A14B679FAA887FF4CD5BFC0F43B4A4EEA2A7E6927F3701B273C2,4979267167
13F83ACBD35BF1EFFFA0A1CADC2E11963642DA2F2D5EFBB1DA0ACCE1921FA99A,CFDDBC8D2140D0E6FEC04FADB8EDBBE52B6D7354218C4F2ECB445F93BBB279F3,FD6C8D5C762B2AA44CCEB16DB501E27C9A9CE536821A547CC0C34A519B46F9D5,80D78A35F955A14B679FAA887FF4CD5BFC0F43B4A4EEA2A7E6927F3701B273C2,49733039368
D5CBA97A65699616CD4C47E7E85901317182422E532CD2FB0C0FCD97234C0E14,2CD4A8AD1DB8AC0972CD851A5C9F9253ECA9E6853BBF4F43EA894D737AA3F77C,8E6FAF91FA39A3FA8C345855CDD22C1EBB1778F48892B969007965CDD8F55827,80D78A35F955A14B679FAA887FF4CD5BFC0F43B4A4EEA2A7E6927F3701B273C2,2599971663639
444C5F61F0781DF17182536D2E223EAA27F3D5368465F4831C5D7CFAE673C096,E6561640DB3F9A92D2DBC6FD7CAAA7B028855411F6C5D5C25D83BFE378246B62,35FAB9132BCAD95FE2C08FEEC346270F21D9F1B9AB8281AEB532079E2DCAA466,80D78A35F955A14B679FAA887FF4CD5BFC0F43B4A4EEA2A7E6927F3701B273C2,8870202570
2CD4A8AD1DB8AC0972CD851A5C9F9253ECA9E6853BBF4F43EA894D737AA3F77C,D5CBA97A65699616CD4C47E7E85901317182422E532CD2FB0C0FCD97234C0E14,77CEEB58CA6B31836D2ECD94814D898AD096B7A805AD023230E7624293F5FC9E,80D78A35F955A14B679FAA887FF4CD5BFC0F43B4A4EEA2A7E6927F3701B273C2,2499968895992
E6561640DB3F9A92D2DBC6FD7CAAA7B028855411F6C5D5C25D83BFE378246B62,444C5F61F0781DF17182536D2E223EAA27F3D5368465F4831C5D7CFAE673C096,35FAB9132BCAD95FE2C08FEEC346270F21D9F1B9AB8281AEB532079E2DCAA466,80D78A35F955A14B679FAA887FF4CD5BFC0F43B4A4EEA2A7E6927F3701B273C2,7975192582
ECF0089E339C9B3BD17431581FF258B62277C36CDE22B14C300251196FEE119D,A99F55B54F6BABA0588C55A1958A042662AFA44DF0FBF2FC234ED19454906103,514ED89009A44CAEB805E2FF6D436DF07E5F7D0C20F0CBBE43C74E636CE728DA,80D78A35F955A14B679FAA887FF4CD5BFC0F43B4A4EEA2A7E6927F3701B273C2,4978110945
A99F55B54F6BABA0588C55A1958A042662AFA44DF0FBF2FC234ED19454906103,ECF0089E339C9B3BD17431581FF258B62277C36CDE22B14C300251196FEE119D,514ED89009A44CAEB805E2FF6D436DF07E5F7D0C20F0CBBE43C74E636CE728DA,80D78A35F955A14B679FAA887FF4CD5BFC0F43B4A4EEA2A7E6927F3701B273C2,1985681477
2CD4A8AD1DB8AC0972CD851A5C9F9253ECA9E6853BBF4F43EA894D737AA3F77C,D5CBA97A65699616CD4C47E7E85901317182422E532CD2FB0C0FCD97234C0E14,8E6FAF91FA39A3FA8C345855CDD22C1EBB1778F48892B969007965CDD8F55827,80D78A35F955A14B679FAA887FF4CD5BFC0F43B4A4EEA2A7E6927F3701B273C2,2198969785804
B1F25D485F702C8A6237DDA5B7A5B6EEF5073A1FEA924FEBE2A81DCF507905C6,DB13A70E3761B616EED4BE676E348F0276ABC8E920F0B6E687817BB1ADD7F8BE,ED4E48C7CCC6F5D44420836F3BA37F47FD55E4BE29E298EFA8521A14508F4649,80D78A35F955A14B679FAA887FF4CD5BFC0F43B4A4EEA2A7E6927F3701B273C2,3977794648
7254A264CEFB08302B0F40C3F7552A29DA1033BFAF3B26228F63AD6495626274,44AC0368113AD3ABE3EA55BD32596D7EA88AAE4CD09DF8A4C3E60C5E57665283,BDCD54F2163E6A86C5FF6975EAF67520664BF8DC55EF0DA4823A75356F64B0A1,80D78A35F955A14B679FAA887FF4CD5BFC0F43B4A4EEA2A7E6927F3701B273C2,1978101618
44AC0368113AD3ABE3EA55BD32596D7EA88AAE4CD09DF8A4C3E60C5E57665283,7254A264CEFB08302B0F40C3F7552A29DA1033BFAF3B26228F63AD6495626274,BDCD54F2163E6A86C5FF6975EAF67520664BF8DC55EF0DA4823A75356F64B0A1,80D78A35F955A14B679FAA887FF4CD5BFC0F43B4A4EEA2A7E6927F3701B273C2,4978040295
DB13A70E3761B616EED4BE676E348F0276ABC8E920F0B6E687817BB1ADD7F8BE,B1F25D485F702C8A6237DDA5B7A5B6EEF5073A1FEA924FEBE2A81DCF507905C6,ED4E48C7CCC6F5D44420836F3BA37F47FD55E4BE29E298EFA8521A14508F4649,80D78A35F955A14B679FAA887FF4CD5BFC0F43B4A4EEA2A7E6927F3701B273C2,4984965273
44AC0368113AD3ABE3EA55BD32596D7EA88AAE4CD09DF8A4C3E60C5E57665283,4A8E2003147F0A368EDC11FE9561E009D948E8FFBC8785B430B0A70939E34C1F,48D17FD7821EBE1159CD8431434F7AD733539622420D28A10EEEAED8CEDF9D01,80D78A35F955A14B679FAA887FF4CD5BFC0F43B4A4EEA2A7E6927F3701B273C2,4978099264
2CD4A8AD1DB8AC0972CD851A5C9F9253ECA9E6853BBF4F43EA894D737AA3F77C,D5CBA97A65699616CD4C47E7E85901317182422E532CD2FB0C0FCD97234C0E14,5760864C0E084C027A03E5D50DBDDBFC49728779954072A4DC3789B9634EC319,80D78A35F955A14B679FAA887FF4CD5BFC0F43B4A4EEA2A7E6927F3701B273C2,499970248937
2CD4A8AD1DB8AC0972CD851A5C9F9253ECA9E6853BBF4F43EA894D737AA3F77C,D5CBA97A65699616CD4C47E7E85901317182422E532CD2FB0C0FCD97234C0E14,745E3669F24CC7B3363EB614B15DE0D0A41E83405986A27D58601959DD8F401D,80D78A35F955A14B679FAA887FF4CD5BFC0F43B4A4EEA2A7E6927F3701B273C2,499969727750
4A8E2003147F0A368EDC11FE9561E009D948E8FFBC8785B430B0A70939E34C1F,44AC0368113AD3ABE3EA55BD32596D7EA88AAE4CD09DF8A4C3E60C5E57665283,48D17FD7821EBE1159CD8431434F7AD733539622420D28A10EEEAED8CEDF9D01,80D78A35F955A14B679FAA887FF4CD5BFC0F43B4A4EEA2A7E6927F3701B273C2,11998000000
BBBB9616B14055FBD0A7829F370737E5FC516FC4F5B3B857E2ECE9E347FC7482,D779BFE39B0FA40C7FE888598A60CD953BDA14B4341149CDF70722D2C9F86711,7BF66699368E5B55949C6ED4E3FDE3596C81F55D2CBF650BED50015F13178D76,80D78A35F955A14B679FAA887FF4CD5BFC0F43B4A4EEA2A7E6927F3701B273C2,369890883260
D6DC951A586BF92AB2EF18D1E295907AE559B101584FD25531195400931D6B89,DB13A70E3761B616EED4BE676E348F0276ABC8E920F0B6E687817BB1ADD7F8BE,A5FD5A06F91FBF6FFA47DE81463B5645568476EA04AACA0AE1BE134C98814684,80D78A35F955A14B679FAA887FF4CD5BFC0F43B4A4EEA2A7E6927F3701B273C2,5925057177
194E5C983D24764F21948233781B2A3488FA60DE899C19BFA90F8E2E357808C1,7731739E204B5E3C5720002C706FB8246C161772B3AC0FD3CEF42A3BFA9518F1,3E1E64BFDDB6737E437CF3C6C50B6DEB20E219A4F2FFC6B31AE6FFC954408604,80D78A35F955A14B679FAA887FF4CD5BFC0F43B4A4EEA2A7E6927F3701B273C2,5911331013
09FC4D1AAA4635D2B3F900D5762424E2047E2E16B4E4641A832B6D8031A238EF,8111C4E665A19EC367F0CB625CEA5CEF981D1735F55208DF5742AAB13C2897F5,9AEFE5968EFD6ABFDB8DD39CA6E93E1C5AF6B10C362287E011C7A4E7A0D8C4BC,80D78A35F955A14B679FAA887FF4CD5BFC0F43B4A4EEA2A7E6927F3701B273C2,10985109910
8111C4E665A19EC367F0CB625CEA5CEF981D1735F55208DF5742AAB13C2897F5,09FC4D1AAA4635D2B3F900D5762424E2047E2E16B4E4641A832B6D8031A238EF,9AEFE5968EFD6ABFDB8DD39CA6E93E1C5AF6B10C362287E011C7A4E7A0D8C4BC,80D78A35F955A14B679FAA887FF4CD5BFC0F43B4A4EEA2A7E6927F3701B273C2,9973712158
DB13A70E3761B616EED4BE676E348F0276ABC8E920F0B6E687817BB1ADD7F8BE,D6DC951A586BF92AB2EF18D1E295907AE559B101584FD25531195400931D6B89,A5FD5A06F91FBF6FFA47DE81463B5645568476EA04AACA0AE1BE134C98814684,80D78A35F955A14B679FAA887FF4CD5BFC0F43B4A4EEA2A7E6927F3701B273C2,4985000255
3E5CE0C24463A7260FA428A86BC7406A2F723FE4E42216DE078FE2774E5EF695,F6A004EFB5E135CA65EEDD05662094C09380C06280E5DDC7772BC0632F99559C,28ED1D23FDC3292DDC948F872E77A589E4CC34F5B9FFE4599B75DB58C0B9C56C,80D78A35F955A14B679FAA887FF4CD5BFC0F43B4A4EEA2A7E6927F3701B273C2,8904634871
59D7342037ED03CD99C5985321FAE54A2729A2A4138FCA77DFF623C6459CC0ED,CB01D5AB65706A49691F821A29E3B6E1E5A82B3065449CEA49FA670A1F71F2EB,5A5135DBC593A6B10497BD5350F4B9504B818450DF5149F71EFCC916AEAB9529,80D78A35F955A14B679FAA887FF4CD5BFC0F43B4A4EEA2A7E6927F3701B273C2,49973008496
030FFA02B4906A505D850CB312F01DC3510AFB2E22229AB79B7AB0B9C576332A,3C82B2CCCDD754E547ADFA560E1DDE23999C9C48FC11137A3A40B8FE95D9E143,E96BD866951B55562B0A97E088C7AFD5C2DEB81077E3AFAF564D9F4E96D6DEAF,80D78A35F955A14B679FAA887FF4CD5BFC0F43B4A4EEA2A7E6927F3701B273C2,14999978765254
6686CDD4C908CB96F64F087F9D4ECFAC978416C9369D5D8427874A22B68A84E4,06A85606006B23CCF2F3CFA5B6B990F9A333D4EB95867889E3A755CEF2A6C7B4,BACABDFDCBB3928E5AD7D59BE156FE2162D2EB3388A1644FD49B523F6524AB81,80D78A35F955A14B679FAA887FF4CD5BFC0F43B4A4EEA2A7E6927F3701B273C2,5554958495875
41C9618C2889D95D5D5FB570404E13128087A6B1D1BF1851B54EA3550970C086,D9E634C4AD958B0D5C41B86E97E9F76636DAE9B9E79776481A527503474B193C,899F00A43C326E6E6E60DFC0778848FC3A05E27D3D9D2D33EF116B5E6532F501,80D78A35F955A14B679FAA887FF4CD5BFC0F43B4A4EEA2A7E6927F3701B273C2,4978102548
D9E634C4AD958B0D5C41B86E97E9F76636DAE9B9E79776481A527503474B193C,41C9618C2889D95D5D5FB570404E13128087A6B1D1BF1851B54EA3550970C086,899F00A43C326E6E6E60DFC0778848FC3A05E27D3D9D2D33EF116B5E6532F501,80D78A35F955A14B679FAA887FF4CD5BFC0F43B4A4EEA2A7E6927F3701B273C2,4989527364
F6A004EFB5E135CA65EEDD05662094C09380C06280E5DDC7772BC0632F99559C,3E5CE0C24463A7260FA428A86BC7406A2F723FE4E42216DE078FE2774E5EF695,28ED1D23FDC3292DDC948F872E77A589E4CC34F5B9FFE4599B75DB58C0B9C56C,80D78A35F955A14B679FAA887FF4CD5BFC0F43B4A4EEA2A7E6927F3701B273C2,11905200756
5E01E24707FB38924E09AEFF7D6A35AF139E216892F8E4CA1F1AAB4B97A22FF4,E1949D7DF75D9209B483E605DEFFCA558B4DD2DF9F78874E453F0FE23F9032DC,D7FB49B734CA994762B125907B9B1524C6743F0726D1373B2EEC067B141CFF50,80D78A35F955A14B679FAA887FF4CD5BFC0F43B4A4EEA2A7E6927F3701B273C2,49890890887
3FE44E143EC964B034E926EEF7E122AD855A742D6F9063F280B4682C419F1E4B,09BCF464A1E77CA2DCF2C2C0633B4266164FCB2D192E34139DA8A75D54602881,F7EFDFF4036D7E07BA1B86815594B3317CBDD70F4E84985DEE5A6DB2E817EBCC,80D78A35F955A14B679FAA887FF4CD5BFC0F43B4A4EEA2A7E6927F3701B273C2,7998000000
236B1E779A53F8F37FA02D488A13FA3FAE27CEAB182B226BFAA22725C205ACE8,CB01D5AB65706A49691F821A29E3B6E1E5A82B3065449CEA49FA670A1F71F2EB,7BB3850439F54E9B2EBFF348A6D064EFF2EFDCC735033BF94238A81EBDDAB225,80D78A35F955A14B679FAA887FF4CD5BFC0F43B4A4EEA2A7E6927F3701B273C2,6978070647
CB01D5AB65706A49691F821A29E3B6E1E5A82B3065449CEA49FA670A1F71F2EB,59D7342037ED03CD99C5985321FAE54A2729A2A4138FCA77DFF623C6459CC0ED,5A5135DBC593A6B10497BD5350F4B9504B818450DF5149F71EFCC916AEAB9529,80D78A35F955A14B679FAA887FF4CD5BFC0F43B4A4EEA2A7E6927F3701B273C2,9977410348
CB01D5AB65706A49691F821A29E3B6E1E5A82B3065449CEA49FA670A1F71F2EB,236B1E779A53F8F37FA02D488A13FA3FAE27CEAB182B226BFAA22725C205ACE8,7BB3850439F54E9B2EBFF348A6D064EFF2EFDCC735033BF94238A81EBDDAB225,80D78A35F955A14B679FAA887FF4CD5BFC0F43B4A4EEA2A7E6927F3701B273C2,8985676546
C781854E82A4E0A24F1E169FCF030B242A8C617560146451062A7CFC3385712D,3BF3458540ECB3A1D0D68B01B8C2C6962105FE209E702500501409272651B85B,ECDFDAE8DAC1841DDEDDADFABB1C32868EEB3087765F804D6A4B09304325F768,80D78A35F955A14B679FAA887FF4CD5BFC0F43B4A4EEA2A7E6927F3701B273C2,99966198710
E1949D7DF75D9209B483E605DEFFCA558B4DD2DF9F78874E453F0FE23F9032DC,5E01E24707FB38924E09AEFF7D6A35AF139E216892F8E4CA1F1AAB4B97A22FF4,D7FB49B734CA994762B125907B9B1524C6743F0726D1373B2EEC067B141CFF50,80D78A35F955A14B679FAA887FF4CD5BFC0F43B4A4EEA2A7E6927F3701B273C2,159657905777
5E3434A83F18CD713B497173D2DA10C91ECF8CAE2923A04FEA360E659CA643D6,9E5EF8FC0E64F5EB8A90804283718C6EF819D987C22120AB255C727BC91708A4,D941340B175180EC5241B73F356396FC37111361B4C3261D4283CDEFB61E8C01,80D78A35F955A14B679FAA887FF4CD5BFC0F43B4A4EEA2A7E6927F3701B273C2,8978102791
9E5EF8FC0E64F5EB8A90804283718C6EF819D987C22120AB255C727BC91708A4,5E3434A83F18CD713B497173D2DA10C91ECF8CAE2923A04FEA360E659CA643D6,D941340B175180EC5241B73F356396FC37111361B4C3261D4283CDEFB61E8C01,80D78A35F955A14B679FAA887FF4CD5BFC0F43B4A4EEA2A7E6927F3701B273C2,8980050971
3BF3458540ECB3A1D0D68B01B8C2C6962105FE209E702500501409272651B85B,C781854E82A4E0A24F1E169FCF030B242A8C617560146451062A7CFC3385712D,ECDFDAE8DAC1841DDEDDADFABB1C32868EEB3087765F804D6A4B09304325F768,80D78A35F955A14B679FAA887FF4CD5BFC0F43B4A4EEA2A7E6927F3701B273C2,9987555827
F0AEA4A8F340E0F70B19F834D3227D099DDD7DBFBB409788D29EAD0CE5198FB3,76C11F91B6FD4334A1817FDC1B1C8287B91AE908341E0880559FCF28D0C3243C,B5A3A0E352829CF1E939ED4F6BD2208E1AF10642332640C347746E583A444C3B,80D78A35F955A14B679FAA887FF4CD5BFC0F43B4A4EEA2A7E6927F3701B273C2,21973167052
B767BCCF2BCC0EAC4ECE139B537BAEDD142B5F9618CA5D9B54D1992AB732D7EC,E1949D7DF75D9209B483E605DEFFCA558B4DD2DF9F78874E453F0FE23F9032DC,51366F8DDD7B5C5724D74882A9FED8F0C08D43816CD69B41FAB54AF2D2E67B4F,80D78A35F955A14B679FAA887FF4CD5BFC0F43B4A4EEA2A7E6927F3701B273C2,39985108050
B767BCCF2BCC0EAC4ECE139B537BAEDD142B5F9618CA5D9B54D1992AB732D7EC,E1949D7DF75D9209B483E605DEFFCA558B4DD2DF9F78874E453F0FE23F9032DC,51366F8DDD7B5C5724D74882A9FED8F0C08D43816CD69B41FAB54AF2D2E67B4F,80D78A35F955A14B679FAA887FF4CD5BFC0F43B4A4EEA2A7E6927F3701B273C2,39985108050
B767BCCF2BCC0EAC4ECE139B537BAEDD142B5F9618CA5D9B54D1992AB732D7EC,E1949D7DF75D9209B483E605DEFFCA558B4DD2DF9F78874E453F0FE23F9032DC,D9CFEFD0CEC9E09A2C604A48ABB405F8A4C4121E39B047AA93AF27AE193BCB41,80D78A35F955A14B679FAA887FF4CD5BFC0F43B4A4EEA2A7E6927F3701B273C2,49989570889
B767BCCF2BCC0EAC4ECE139B537BAEDD142B5F9618CA5D9B54D1992AB732D7EC,E1949D7DF75D9209B483E605DEFFCA558B4DD2DF9F78874E453F0FE23F9032DC,0351253E249D708B067F3E6C6CA69BD3158A5CCB4184BCBA33B0075C9A652887,80D78A35F955A14B679FAA887FF4CD5BFC0F43B4A4EEA2A7E6927F3701B273C2,39985109241
B767BCCF2BCC0EAC4ECE139B537BAEDD142B5F9618CA5D9B54D1992AB732D7EC,E1949D7DF75D9209B483E605DEFFCA558B4DD2DF9F78874E453F0FE23F9032DC,9442863E2543E70AB8815F54BB0DCCED0D07858ADCBC46C02808A2C4F9A29707,80D78A35F955A14B679FAA887FF4CD5BFC0F43B4A4EEA2A7E6927F3701B273C2,39985109403
E1949D7DF75D9209B483E605DEFFCA558B4DD2DF9F78874E453F0FE23F9032DC,B767BCCF2BCC0EAC4ECE139B537BAEDD142B5F9618CA5D9B54D1992AB732D7EC,D9CFEFD0CEC9E09A2C604A48ABB405F8A4C4121E39B047AA93AF27AE193BCB41,80D78A35F955A14B679FAA887FF4CD5BFC0F43B4A4EEA2A7E6927F3701B273C2,43740511374
E1949D7DF75D9209B483E605DEFFCA558B4DD2DF9F78874E453F0FE23F9032DC,B767BCCF2BCC0EAC4ECE139B537BAEDD142B5F9618CA5D9B54D1992AB732D7EC,9442863E2543E70AB8815F54BB0DCCED0D07858ADCBC46C02808A2C4F9A29707,80D78A35F955A14B679FAA887FF4CD5BFC0F43B4A4EEA2A7E6927F3701B273C2,18863905283
E1949D7DF75D9209B483E605DEFFCA558B4DD2DF9F78874E453F0FE23F9032DC,B767BCCF2BCC0EAC4ECE139B537BAEDD142B5F9618CA5D9B54D1992AB732D7EC,0351253E249D708B067F3E6C6CA69BD3158A5CCB4184BCBA33B0075C9A652887,80D78A35F955A14B679FAA887FF4CD5BFC0F43B4A4EEA2A7E6927F3701B273C2,18863904054
E1949D7DF75D9209B483E605DEFFCA558B4DD2DF9F78874E453F0FE23F9032DC,B767BCCF2BCC0EAC4ECE139B537BAEDD142B5F9618CA5D9B54D1992AB732D7EC,51366F8DDD7B5C5724D74882A9FED8F0C08D43816CD69B41FAB54AF2D2E67B4F,80D78A35F955A14B679FAA887FF4CD5BFC0F43B4A4EEA2A7E6927F3701B273C2,18863937604
E1949D7DF75D9209B483E605DEFFCA558B4DD2DF9F78874E453F0FE23F9032DC,B767BCCF2BCC0EAC4ECE139B537BAEDD142B5F9618CA5D9B54D1992AB732D7EC,51366F8DDD7B5C5724D74882A9FED8F0C08D43816CD69B41FAB54AF2D2E67B4F,80D78A35F955A14B679FAA887FF4CD5BFC0F43B4A4EEA2A7E6927F3701B273C2,18863937604
5B3568002E100E6616F1D6C31776428FAF74BFAE7F22C67DD3DE9B8ABB02B15E,E1949D7DF75D9209B483E605DEFFCA558B4DD2DF9F78874E453F0FE23F9032DC,75E769B117A1131A33F99B59ECEF423E7A60CCC470BCE0FC20142E68733A88B8,80D78A35F955A14B679FAA887FF4CD5BFC0F43B4A4EEA2A7E6927F3701B273C2,29985109351
E1949D7DF75D9209B483E605DEFFCA558B4DD2DF9F78874E453F0FE23F9032DC,5B3568002E100E6616F1D6C31776428FAF74BFAE7F22C67DD3DE9B8ABB02B15E,75E769B117A1131A33F99B59ECEF423E7A60CCC470BCE0FC20142E68733A88B8,80D78A35F955A14B679FAA887FF4CD5BFC0F43B4A4EEA2A7E6927F3701B273C2,18863901180
97146A46ACC2654E27947F14C4A4B14273E954F78BC047790B44208B0043203B,0A85DF4E6E0ACFB1F905801B5CD5CA4F22CC6D204079AEF88E7DAFB9322F3C04,DA687CA47D5D0A5E608DA5E09DEB751C6B46869E8F862FB4A4D0EE3203787006,80D78A35F955A14B679FAA887FF4CD5BFC0F43B4A4EEA2A7E6927F3701B273C2,99985087118
0A85DF4E6E0ACFB1F905801B5CD5CA4F22CC6D204079AEF88E7DAFB9322F3C04,97146A46ACC2654E27947F14C4A4B14273E954F78BC047790B44208B0043203B,DA687CA47D5D0A5E608DA5E09DEB751C6B46869E8F862FB4A4D0EE3203787006,80D78A35F955A14B679FAA887FF4CD5BFC0F43B4A4EEA2A7E6927F3701B273C2,99959664225
3C82B2CCCDD754E547ADFA560E1DDE23999C9C48FC11137A3A40B8FE95D9E143,030FFA02B4906A505D850CB312F01DC3510AFB2E22229AB79B7AB0B9C576332A,E96BD866951B55562B0A97E088C7AFD5C2DEB81077E3AFAF564D9F4E96D6DEAF,80D78A35F955A14B679FAA887FF4CD5BFC0F43B4A4EEA2A7E6927F3701B273C2,11599603487764
76C11F91B6FD4334A1817FDC1B1C8287B91AE908341E0880559FCF28D0C3243C,F0AEA4A8F340E0F70B19F834D3227D099DDD7DBFBB409788D29EAD0CE5198FB3,B5A3A0E352829CF1E939ED4F6BD2208E1AF10642332640C347746E583A444C3B,80D78A35F955A14B679FAA887FF4CD5BFC0F43B4A4EEA2A7E6927F3701B273C2,11973712327
